Furnished,Price(L),Bedrooms,Bathrooms,Area(in sqft),Filtered Locality
Furnished,"34,000",3,2,1800,Kavadiguda
Semi-Furnished,"45,000",3,2,2500,Gachibowli
Furnished,"40,000",3,2,2160,Moosapet
Semi-Furnished,"23,000",3,2,1580,kondapur
Furnished,"50,000",3,2,2600,Golconda
Semi-Furnished,"32,000",3,1,1350,Nanakramguda
Furnished,"35,000",3,2,1700,"Somajiguda,"
Unfurnished,"11,000",3,1,1150,Kapra
Semi-Furnished,"19,000",3,2,1330,Nallakunta
Unfurnished,"30,000",3,1,1836,Manikonda
Semi-Furnished,"18,000",3,2,1540,Miyapur
Semi-Furnished,"30,000",3,1,1720,Narsingi
Semi-Furnished,"31,000",3,2,1950,"Nagar,"
Semi-Furnished,"49,000",3,3,2075,gucchibowli
Semi-Furnished,"38,000",3,2,2500,Banjara Hills
Semi-Furnished,"18,000",2,3,1080,Kachiguda
Semi-Furnished,"26,000",3,2,1500,Miyapur
Semi-Furnished,"25,000",3,3,2150,Papulguda
Furnished,"12,000",2,1,1350,Bachupally
Semi-Furnished,"34,000",3,1,1198,Guda
Semi-Furnished,"39,000",3,1,2100,Gachibowli
Unfurnished,"37,000",3,1,1875,ECIL
Unfurnished,"13,000",3,2,1200,Gatti
Semi-Furnished,"35,000",2,2,1296,Kukatpally
Furnished,"45,000",2,2,1100,Hitech City
Semi-Furnished,"38,000",3,2,2000,Banjara Hills
Furnished,"45,000",3,2,2020,Gachibowli
Furnished,"35,000",2,1,1200,Mehindipatnam
Unfurnished,"35,000",3,2,1640,Narayanguda
Unfurnished,"35,000",3,2,1640,Narayanguda
Semi-Furnished,"40,000",3,3,1870,Gachibowli
Semi-Furnished,"25,000",3,2,1600,Jubilee Hills
Semi-Furnished,"25,000",3,1,1650,Kondapur
Unfurnished,"19,000",2,2,1260,Kondapur
Semi-Furnished,"35,000",3,2,1920,Gachibowli
Unfurnished,"18,000",3,1,1250,Devdi
Semi-Furnished,"40,000",3,2,1818,"Nagar,"
Semi-Furnished,"24,000",3,2,2130,Kukatpally
Unfurnished,"35,000",3,1,1800,Mehdipatnam
Furnished,"30,000",3,2,1555,Bachupally
Semi-Furnished,"16,000",2,2,1200,KPHB
Semi-Furnished,"20,000",3,2,1600,Dullapally
Unfurnished,"12,000",2,2,1296,Gajularamara
Semi-Furnished,"28,000",3,2,2072,Jeedimetla
Unfurnished,"17,000",3,3,1460,Nizampet
Semi-Furnished,"45,000",3,2,1900,Serilingampally
Unfurnished,"15,500",2,1,950,Chowki
Furnished,"16,000",2,1,1100,Marredpally
Semi-Furnished,"20,000",2,1,1563,junction
Unfurnished,"36,000",3,2,1990,Shaikpet
Unfurnished,"45,000",3,2,2051,Phase
Semi-Furnished,"20,000",3,1,1260,Hyderabad
Unfurnished,"15,000",2,2,1075,Chandanagar
Semi-Furnished,"30,000",3,3,2100,Nagar
Unfurnished,"35,000",3,2,2000,Nizampet
Semi-Furnished,"36,000",3,1,1600,Madhapur
Unfurnished,"13,000",3,1,1360,Annojiguda
Semi-Furnished,"35,000",3,1,2025,Manikonda
Semi-Furnished,"22,000",3,3,1860,Secunderabad
Semi-Furnished,"25,000",3,2,1500,Chandanagar
Unfurnished,"30,000",2,2,1160,Kukatpally
Unfurnished,"17,500",3,2,1400,Bandlaguda
Furnished,"44,000",3,1,1380,Gachibowli
Semi-Furnished,"24,000",3,2,1800,Kukatpally
Furnished,"43,000",3,2,2000,Hafeezpet
Furnished,"35,000",3,2,1800,Serilingampally
Semi-Furnished,"25,000",3,1,1620,Gajularamara
Semi-Furnished,"25,000",3,3,2200,"Ramanthapur,"
Unfurnished,"30,000",3,2,1810,Serilingampally
Semi-Furnished,"12,000",3,2,1510,Medchal
Semi-Furnished,"50,000",4,2,2800,Ring
Semi-Furnished,"48,000",3,2,1908,Kondapur
Semi-Furnished,"30,000",3,2,1705,Hitech City
Unfurnished,"19,000",2,2,900,Papulguda
Semi-Furnished,"38,000",3,2,1690,Gachibowli
Semi-Furnished,"35,000",3,1,1600,Shaikpet
Unfurnished,"10,000",2,1,800,Attapur
Unfurnished,"14,000",3,2,1360,Colony
Furnished,"29,000",2,1,1200,Manikonda
Semi-Furnished,"17,000",2,1,1200,Puppalaguda
Unfurnished,"16,000",3,1,1580,Yapral
Unfurnished,"15,000",2,2,900,Mehdipatnam
Unfurnished,"17,000",3,2,1230,Nizampet
Semi-Furnished,"18,000",2,2,1050,Kavadiguda
Unfurnished,"9,000",2,2,1265,Ring
Semi-Furnished,"16,000",2,2,1500,Marredpally
Semi-Furnished,"21,000",3,2,1400,Attapur
Unfurnished,"13,000",3,1,1550,Yapral
Semi-Furnished,"17,000",2,1,1100,Attapur
Furnished,"17,000",2,2,970,Gajularamara
Semi-Furnished,"40,000",3,1,1650,Banjara Hills
Semi-Furnished,"30,000",3,2,1630,Gopanapalli
Semi-Furnished,"48,000",3,1,1738,Kondapur
Unfurnished,"40,000",3,1,1834,Narsingi
Semi-Furnished,"18,000",2,1,1250,Hyderabad
Semi-Furnished,"30,000",2,1,1314,Narsingi
Semi-Furnished,"36,000",3,3,3250,Manikonda
Semi-Furnished,"50,000",4,1,2200,Gachibowli
Semi-Furnished,"15,000",3,1,1360,"Pocharam,"
Furnished,"30,000",3,1,1460,Shamshabad
Unfurnished,"18,000",3,2,1150,Colony
Semi-Furnished,"25,000",3,2,2000,Boduppal
Unfurnished,"9,500",2,1,900,Bairagiguda
Semi-Furnished,"27,000",3,3,1600,Marredpally
Furnished,"45,000",3,1,1369,Tank
Semi-Furnished,"48,000",3,4,2580,Whitefields
Semi-Furnished,"45,000",3,2,2259,Kukatpally
Semi-Furnished,"32,000",3,3,1800,"Khairatabad,"
Semi-Furnished,"33,000",2,1,1314,avatar
Unfurnished,"8,000",2,1,890,Medipally
Unfurnished,"40,000",3,1,1843,Narsingi
Semi-Furnished,"25,000",3,2,1650,Nallakunta
Semi-Furnished,"12,000",3,2,1200,Nagaram
Furnished,"13,000",3,2,1100,Sainikpuri
Semi-Furnished,"25,000",3,2,2000,Suchitra
Semi-Furnished,"38,000",3,2,2540,Narsingi
Semi-Furnished,"16,000",2,2,1150,Gandhi
Unfurnished,"10,500",2,1,1250,"Puram,"
Furnished,"40,000",3,2,2200,Gachibowli
Furnished,"19,000",2,2,1120,"Bagh,"
Semi-Furnished,"20,000",3,2,1608,Ring
Furnished,"20,000",3,2,2000,Nagar
Semi-Furnished,"26,000",2,1,1200,Ameerpet
Unfurnished,"20,000",2,2,1000,Banda
Unfurnished,"18,500",2,1,1100,Chowki
Unfurnished,"35,000",2,1,950,Shaikpet
Semi-Furnished,"40,000",3,1,1900,Jeedimetla
Furnished,"30,000",3,2,2045,Shaikpet
Furnished,"40,000",3,2,1800,Serilingampally
Semi-Furnished,"21,000",3,1,1368,Gajularamara
Semi-Furnished,"32,500",3,2,1500,Kukatpally
Semi-Furnished,"32,000",3,2,1450,Madhapur
Furnished,"45,000",3,2,2347,Kondapur
Semi-Furnished,"45,000",3,3,2800,Gachibowli
Semi-Furnished,"40,000",3,1,1650,Gachibowli
Unfurnished,"31,500",3,2,1865,Hitech City
Semi-Furnished,"24,000",3,2,2200,"Malakpet,"
Semi-Furnished,"45,000",3,2,3000,Hafeezpet
Semi-Furnished,"13,000",2,2,1000,Alwal
Unfurnished,"20,000",2,1,1300,"Punjagutta,"
Furnished,"18,000",2,2,1300,Kukatpally
Furnished,"45,000",3,1,1375,Manikonda
Semi-Furnished,"20,000",3,1,1800,Narsingi
Semi-Furnished,"36,000",3,2,2000,"Nagar,"
Semi-Furnished,"22,000",3,2,1600,Kompally
Semi-Furnished,"23,000",3,2,2100,"Nagar-Ramanthpur,"
Semi-Furnished,"15,500",3,3,1789,Secunderabad
Unfurnished,"12,000",3,1,1450,Sainikpuri
Semi-Furnished,"45,000",4,3,3380,Narsingi
Semi-Furnished,"35,000",3,1,2000,"Lakdikapul,"
Unfurnished,"15,000",2,3,1100,Nagar
Semi-Furnished,"32,000",3,1,1690,Chandanagar
Semi-Furnished,"22,000",3,2,1750,Secunderabad
Furnished,"27,000",2,3,1050,Marredpally
Unfurnished,"10,000",2,2,800,Sangareddy
Furnished,"22,000",2,1,1070,Chowki
Semi-Furnished,"12,000",3,1,1252,Dammaiguda
Semi-Furnished,"16,000",3,3,1150,Nallakunta
Semi-Furnished,"22,000",3,2,2400,Ring
Furnished,"39,000",3,2,1590,Hafeezpet
Unfurnished,"18,000",3,2,1700,sahu
Furnished,"50,000",3,3,1550,Mallepally
Unfurnished,"33,000",2,1,1314,Narsingi
Semi-Furnished,"18,500",3,2,1000,Marg
Furnished,"48,000",3,3,1950,Guda
Semi-Furnished,"25,000",4,2,4000,Kukatpally
Semi-Furnished,"14,000",2,2,1000,Dilsukh Nagar
Unfurnished,"20,000",3,3,1630,LB Nagar
Furnished,"27,000",2,2,1050,Madhapur
Semi-Furnished,"15,000",2,2,915,Adikmet
Semi-Furnished,"14,000",2,2,1200,Koti
Semi-Furnished,"16,500",3,2,1144,Chandanagar
Semi-Furnished,"29,000",3,1,1660,Erragadda
Furnished,"40,000",3,2,1198,Gachibowli
Semi-Furnished,"17,500",2,2,1200,Tank
Semi-Furnished,"16,000",3,2,1655,"Nagar,"
Semi-Furnished,"30,000",3,1,2000,Ring
Semi-Furnished,"25,000",3,3,2003,Ring
Semi-Furnished,"24,000",3,2,1600,Kukatpally
Semi-Furnished,"35,000",3,2,2500,Banjara Hills
Semi-Furnished,"40,000",3,2,2000,Madhapur
Furnished,"22,000",3,2,1570,Kukatpally
Semi-Furnished,"23,000",2,2,1380,junction
Semi-Furnished,"40,000",5,2,4000,Kondapur
Semi-Furnished,"27,000",3,2,1800,Narsingi
Unfurnished,"12,500",2,1,1095,Gajularamara
Unfurnished,"12,500",2,1,150,Bandlaguda
Unfurnished,"12,000",2,2,1000,Gudimalkapur
Furnished,"18,000",3,2,1260,Tarnaka
Unfurnished,"25,000",3,2,1800,junction
Furnished,"25,000",3,2,1610,A
Unfurnished,"23,000",3,2,1495,Miyapur
Unfurnished,"16,000",3,2,1300,Nizampet
Semi-Furnished,"38,000",3,3,2600,Yousufguda
Semi-Furnished,"18,500",3,2,1265,Chandanagar
Unfurnished,"50,000",3,1,2285,Gachibowli
Furnished,"22,000",3,2,1425,Ring
Semi-Furnished,"31,000",3,3,2200,Kothaguda
Semi-Furnished,"38,000",3,1,1840,Gachibowli
Unfurnished,"25,000",3,2,1525,Hafeezpet
Semi-Furnished,"16,500",2,2,1250,Attapur
Furnished,"50,000",3,2,2259,Phase
Furnished,"36,000",2,1,1365,Gachibowli
Semi-Furnished,"30,000",2,1,1314,Narsingi
Semi-Furnished,"32,000",3,2,1925,Hyderabad
Semi-Furnished,"10,000",2,2,800,Amberpet
Semi-Furnished,"16,000",2,1,1400,Attapur
Unfurnished,"19,000",3,2,1600,Ring
Semi-Furnished,"17,500",3,2,1500,Kukatpally
Semi-Furnished,"20,000",3,2,1800,Bachupally
Unfurnished,"13,000",2,1,810,Serilingampally
Semi-Furnished,"26,000",2,2,1450,Madhapur
Semi-Furnished,"40,000",3,3,2192,Kothaguda
Semi-Furnished,"26,000",3,3,1800,Hafeezpet
Furnished,"18,000",3,1,1400,colony
Unfurnished,"15,000",2,1,768,Manikonda
Semi-Furnished,"15,000",3,1,1700,Aminpur
Semi-Furnished,"50,000",4,2,2800,Banjara Hills
Semi-Furnished,"18,000",3,3,1740,Hastinapuram
Semi-Furnished,"18,000",3,3,1575,Narsingi
Unfurnished,"10,000",2,2,1250,Bachupally
Semi-Furnished,"13,000",2,1,1100,Attapur
Unfurnished,"25,000",2,2,1800,Kukatpally
Semi-Furnished,"15,000",3,1,1700,Attapur
Semi-Furnished,"18,000",2,1,850,"Lakdikapul,"
Semi-Furnished,"24,000",3,2,1650,Manikonda
Unfurnished,"17,000",2,1,1200,Balkampet
Semi-Furnished,"16,500",2,2,1000,Puppalaguda
Semi-Furnished,"45,000",3,3,2192,Kothaguda
Semi-Furnished,"23,000",3,2,1525,Hafeezpet
Semi-Furnished,"14,000",2,1,1150,Chowki
Semi-Furnished,"23,000",3,3,1775,Attapur
Unfurnished,"25,000",3,2,1490,Serilingampally
Semi-Furnished,"25,000",3,2,1450,Mehdipatnam
Semi-Furnished,"15,000",3,2,1200,Kompally
Semi-Furnished,"35,000",3,2,1870,Madhapur
Semi-Furnished,"34,000",3,1,1756,Gachibowli
Unfurnished,"26,000",3,1,1500,Jubilee Hills
Furnished,"15,000",3,1,1360,Nizampet
Unfurnished,"16,000",2,2,1160,"Nagar,"
Unfurnished,"14,000",3,2,1450,Nagar
Unfurnished,"10,000",2,1,950,Hayathnagar
Semi-Furnished,"35,000",3,1,2200,Kondapur
Unfurnished,"10,500",2,1,670,"Quthbullapur,"
Furnished,"36,000",4,1,3000,Puppalaguda
Semi-Furnished,"18,000",2,2,1200,Puppalaguda
Semi-Furnished,"18,000",3,2,1933,Kukatpally
Unfurnished,"26,000",3,2,2200,Attapur
Semi-Furnished,"18,000",3,1,1933,Kukatpally
Unfurnished,"10,200",2,1,900,"Quthbullapur,"
Unfurnished,"14,500",2,1,900,Borabanda
Semi-Furnished,"18,000",3,2,1650,Miyapur
Semi-Furnished,"23,000",3,2,1850,Manikonda
Semi-Furnished,"36,000",3,2,1650,Gachibowli
Unfurnished,"25,000",4,2,2000,Chowki
Semi-Furnished,"9,000",2,1,100,Narapally
Semi-Furnished,"45,000",3,2,1690,Gachibowli
Semi-Furnished,"13,000",2,2,1100,Bowenpally
Semi-Furnished,"30,000",3,1,1850,Shaikpet
Semi-Furnished,"25,000",3,2,1925,Hafeezpet
Semi-Furnished,"17,000",3,1,1600,Uppal
Semi-Furnished,"17,000",3,2,1750,Bowenpally
Unfurnished,"20,000",3,2,1700,Nizampet
Unfurnished,"35,000",3,2,1782,Ring
Semi-Furnished,"15,000",3,2,1450,Bowenpally
Unfurnished,"10,000",2,1,954,"Pocharam,"
Semi-Furnished,"16,000",3,2,1933,Gajularamara
Semi-Furnished,"32,000",3,2,1700,Kothaguda
Semi-Furnished,"14,000",2,1,1008,Miyapur
Unfurnished,"15,000",2,1,1100,Chandanagar
Unfurnished,"8,500",2,1,1140,Secunderabad
Semi-Furnished,"10,000",3,1,1350,"Puram,"
Semi-Furnished,"15,000",2,1,900,Nagar
Furnished,"29,000",3,1,1745,Nacharam
Semi-Furnished,"19,500",2,2,1180,Narayanguda
Semi-Furnished,"35,000",2,1,1314,Narsingi
Furnished,"30,000",2,2,1280,Narayanguda
Semi-Furnished,"30,000",3,1,1490,Hafeezpet
Unfurnished,"18,000",3,2,1500,Nallakunta
Unfurnished,"33,000",2,1,1278,Kukatpally
Semi-Furnished,"35,000",2,2,1600,Banjara Hills
Semi-Furnished,"35,000",3,1,1545,Gachibowli
Semi-Furnished,"40,000",3,1,2430,Kondapur
Semi-Furnished,"40,400",3,2,1834,Narsingi
Unfurnished,"17,000",2,2,1100,Secunderabad
Semi-Furnished,"48,000",3,1,1738,Hitech City
Unfurnished,"48,000",3,1,2440,Gachibowli
Semi-Furnished,"22,000",3,3,1490,Hyderabad
Semi-Furnished,"40,000",3,2,2690,Hafeezpet
Unfurnished,"18,000",2,2,1000,Rd
Unfurnished,"16,000",2,1,1000,Kukatpally
Semi-Furnished,"20,000",2,1,1100,Kondapur
Semi-Furnished,"45,000",3,2,1800,Gachibowli
Semi-Furnished,"40,000",3,3,2265,Hitech City
Semi-Furnished,"17,000",2,1,1150,Jubilee Hills
Semi-Furnished,"25,000",2,2,1260,Madhapur
Unfurnished,"28,000",3,2,1558,Hitech City
Semi-Furnished,"20,000",2,2,1345,Kondapur
Semi-Furnished,"15,000",3,1,1380,Dammaiguda
Semi-Furnished,"20,000",2,2,1100,"Bagh,"
Semi-Furnished,"45,000",3,1,2300,Banda
Semi-Furnished,"30,000",3,1,1650,Mehdipatnam
Semi-Furnished,"35,000",3,1,1545,Guda
Semi-Furnished,"30,000",2,2,1295,Banda
Furnished,"41,000",2,1,1262,Hitech City
Semi-Furnished,"31,000",3,3,1600,Serilingampally
Semi-Furnished,"36,000",3,2,2345,Ring
Unfurnished,"29,000",2,4,1100,Jubilee Hills
Semi-Furnished,"23,000",3,2,1550,Narayanguda
Semi-Furnished,"28,000",3,3,1800,Hafeezpet
Semi-Furnished,"35,000",3,2,2500,Hitech City
Semi-Furnished,"45,000",3,2,1854,Kukatpally
Furnished,"50,000",3,2,2350,Gachibowli
Semi-Furnished,"45,000",3,3,2400,Madhapur
Semi-Furnished,"23,000",3,1,1485,Kondapur
Unfurnished,"16,000",2,1,900,Banjara Hills
Semi-Furnished,"38,000",4,3,2550,Ameerpet
Semi-Furnished,"42,000",3,2,2160,Gachibowli
Furnished,"26,000",3,2,1628,junction
Unfurnished,"50,000",3,1,2200,Jubilee Hills
Semi-Furnished,"50,000",4,2,2300,Gachibowli
Semi-Furnished,"48,000",3,2,2400,Madhapur
Semi-Furnished,"25,000",3,3,1600,Kukatpally
Semi-Furnished,"22,000",3,2,1800,"Nagar,"
Semi-Furnished,"25,000",3,1,1300,Chowki
Unfurnished,"40,000",3,2,1834,Gachibowli
Unfurnished,"18,000",2,1,1250,Marredpally
Semi-Furnished,"17,000",2,1,1200,Chowki
Unfurnished,"50,000",3,2,2200,Banjara Hills
Semi-Furnished,"18,000",3,2,1504,Manikonda
Furnished,"45,000",3,2,1900,Kondapur
Semi-Furnished,"45,000",3,1,1615,Kondapur
Semi-Furnished,"18,000",2,3,907,Begumpet
Semi-Furnished,"17,500",2,2,1233,Attapur
Semi-Furnished,"14,000",3,2,2000,"Saroornagar,"
Semi-Furnished,"15,000",2,1,1800,Colony
Semi-Furnished,"35,000",3,1,2092,Manikonda
Semi-Furnished,"13,000",3,1,1210,Nagaram
Unfurnished,"17,000",2,1,6000,Chandanagar
Furnished,"25,000",3,3,1650,Kothaguda
Furnished,"15,000",2,2,1140,Miyapur
Semi-Furnished,"12,000",3,2,1650,"Saroornagar,"
Semi-Furnished,"30,000",2,1,1217,Ring
Furnished,"39,000",2,1,1350,Ring
Furnished,"26,000",2,2,1230,Kondapur
Semi-Furnished,"30,000",3,1,1685,Ring
Semi-Furnished,"18,000",3,2,1800,Bandlaguda
Semi-Furnished,"20,000",2,2,1514,Jeedimetla
Semi-Furnished,"15,000",3,2,1450,Bachupally
Semi-Furnished,"20,000",2,1,1200,Amberpet
Semi-Furnished,"30,000",3,2,1655,Serilingampally
Unfurnished,"13,000",2,1,1413,"Malakpet,"
Furnished,"28,500",2,2,1010,Kukatpally
Semi-Furnished,"28,000",3,2,1500,Hafeezpet
Unfurnished,"27,000",3,1,1685,Narsinghi
Semi-Furnished,"30,000",3,3,1024,Hafeezpet
Furnished,"45,000",3,2,1685,Gachibowli
Unfurnished,"30,000",3,2,1600,Manikonda
Unfurnished,"36,000",3,1,2050,Banjara Hills
Semi-Furnished,"30,000",2,2,1314,Narsingi
Semi-Furnished,"20,000",3,2,1410,junction
Unfurnished,"36,000",3,1,1850,Banjara Hills
Unfurnished,"14,000",2,2,1200,Musheerabad
Semi-Furnished,"25,000",3,1,1525,Colony
Semi-Furnished,"18,000",2,3,1150,khairtabad
Semi-Furnished,"15,000",2,2,1650,Hyderabad
Semi-Furnished,"13,000",2,1,1200,Chilakalguda
Furnished,"50,000",3,2,1580,Habsiguda
Unfurnished,"8,500",2,1,950,Sagar
Semi-Furnished,"16,000",3,2,1678,Hyderabad
Unfurnished,"12,000",2,2,1175,Ali
Semi-Furnished,"25,000",3,2,1632,LB Nagar
Unfurnished,"15,000",2,1,1000,Hyderabad
Semi-Furnished,"23,000",4,1,1650,Chowki
Semi-Furnished,"37,000",3,1,1690,Gachibowli
Semi-Furnished,"26,000",3,1,1900,Bachupally
Furnished,"24,000",3,1,1648,LB Nagar
Semi-Furnished,"17,000",3,2,1570,"Saroornagar,"
Semi-Furnished,"30,000",3,1,1490,Hafeezpet
Unfurnished,"50,000",4,3,2675,Gachibowli
Furnished,"26,000",3,3,1660,"Pocharam,"
Furnished,"35,000",3,2,1490,Hafeezpet
Unfurnished,"8,500",2,1,650,Kukatpally
Furnished,"40,000",3,2,1550,Narayanguda
Furnished,"15,000",2,1,1200,Bahadurpura
Semi-Furnished,"23,000",3,2,1410,Ring
Semi-Furnished,"21,000",2,1,1200,Kothaguda
Semi-Furnished,"28,000",3,2,1530,Nizampet
Unfurnished,"25,000",2,2,1500,Colony
Semi-Furnished,"30,000",3,1,1725,Nalagandala
Furnished,"40,000",3,1,1800,Attapur
Semi-Furnished,"28,000",3,3,1520,Marredpally
Furnished,"11,500",2,1,1600,Almasguda
Semi-Furnished,"15,000",3,1,1350,Bandlaguda
Furnished,"50,000",3,2,2200,Ring
Furnished,"25,000",2,1,1200,Chowki
Furnished,"30,500",2,2,1500,Ring
Unfurnished,"25,000",3,2,1643,Kompally
Furnished,"40,000",3,2,1505,Kondapur
Unfurnished,"8,000",2,1,1050,Bachupally
Semi-Furnished,"22,000",3,3,1600,Nagar
Furnished,"28,000",2,2,1050,Kondapur
Semi-Furnished,"27,000",3,2,1920,"Nagar,"
Semi-Furnished,"15,000",3,2,1300,Gajularamara
Semi-Furnished,"16,000",3,2,1550,MADEENAGUDA
Unfurnished,"20,000",2,2,1275,Hafeezpet
Furnished,"30,000",2,2,1200,Gachibowli
Furnished,"28,000",2,2,1200,Manikonda
Semi-Furnished,"23,000",3,2,1525,Marredpally
Furnished,"26,000",2,1,1100,Chowki
Semi-Furnished,"15,000",3,1,1500,Nizampet
Semi-Furnished,"17,500",3,2,1800,Bachupally
Semi-Furnished,"24,000",3,2,1250,Kukatpally
Semi-Furnished,"30,000",2,2,1314,Narsingi
Semi-Furnished,"38,000",4,2,1850,Begumpet
Semi-Furnished,"30,000",2,2,1314,Narsingi
Unfurnished,"15,000",3,2,1475,Chandanagar
Unfurnished,"30,000",2,1,1090,"Lakdikapul,"
Unfurnished,"9,000",2,2,150,Uppal
Semi-Furnished,"25,000",3,2,1400,Boiguda
Semi-Furnished,"15,000",3,2,1365,Secunderabad
Semi-Furnished,"12,000",2,2,970,Ashgoli
Unfurnished,"12,000",2,1,1150,Adibatla
Semi-Furnished,"18,000",3,1,1350,Chowki
Furnished,"16,000",2,1,900,Hafeezpet
Semi-Furnished,"19,500",3,2,1550,Mallapur
Furnished,"9,500",3,2,1100,Bandlaguda
Unfurnished,"14,000",2,2,1000,Chandanagar
Semi-Furnished,"42,000",3,3,1870,Gachibowli
Semi-Furnished,"30,000",3,3,2535,Yapral
Unfurnished,"27,000",3,2,1500,Secunderabad
Semi-Furnished,"16,000",3,3,1654,Gajularamara
Semi-Furnished,"28,000",3,5,2300,junction
Semi-Furnished,"45,000",3,1,2630,Kondapur
Furnished,"45,000",3,2,1800,Hitech City
Semi-Furnished,"20,000",2,1,1275,"Komapally,"
Unfurnished,"11,000",2,2,1100,Secunderabad
Semi-Furnished,"40,000",3,2,1834,Narsingi
Semi-Furnished,"28,000",3,2,1533,"Ramanthapur,"
Semi-Furnished,"18,000",3,2,1250,Kukatpally
Unfurnished,"9,000",4,1,1500,Bandlaguda
Unfurnished,"8,000",2,2,900,Patelguda
Semi-Furnished,"11,000",2,2,950,Suchitra
Furnished,"32,000",3,3,1555,Hafeezpet
Furnished,"26,000",3,2,1600,Secunderabad
Semi-Furnished,"14,500",2,1,1101,Bachupally
Semi-Furnished,"45,000",3,3,2800,Gachibowli
Semi-Furnished,"16,500",3,3,1400,Ali
Furnished,"50,000",3,3,2200,junction)
Furnished,"36,000",2,1,1314,Narsingi
Unfurnished,"35,000",3,1,1490,Hafeezpet
Semi-Furnished,"32,000",3,3,2200,Miyapur
Furnished,"18,000",2,2,1130,Adibatla
Semi-Furnished,"40,000",3,2,1875,Shaikpet
Semi-Furnished,"13,000",3,2,1275,Ring
Unfurnished,"22,000",3,2,1510,Hafeezpet
Semi-Furnished,"30,000",3,3,1800,Yousufguda
Semi-Furnished,"12,000",3,1,1500,Bachupally
Semi-Furnished,"12,000",2,2,1200,Adibatla
Unfurnished,"10,000",2,1,1100,Secunderabad
Furnished,"36,000",3,1,1198,Gachibowli
Unfurnished,"12,000",2,2,1500,Boduppal
Furnished,"25,000",2,1,850,Mehdipatnam
Furnished,"28,000",2,1,850,Mehdipatnam
Unfurnished,"15,000",2,1,600, 
Unfurnished,"15,000",3,2,1600,Nagar
Semi-Furnished,"12,000",2,1,1300,Bachupally
Furnished,"30,000",3,3,2400,Marredpally
Semi-Furnished,"18,000",3,2,1660,Boduppal
Unfurnished,"14,000",2,2,1150,Nizampet
Unfurnished,"15,000",3,1,1620,Bandlaguda
Furnished,"28,000",2,1,850,Mehdipatnam
Semi-Furnished,"18,000",3,2,1400,Nagole
Furnished,"30,000",2,1,850,Hakimpet-Hyderabad
Unfurnished,"22,000",3,1,1375,Amberpet
Furnished,"19,000",2,2,1125,Gajularamara
Semi-Furnished,"30,000",3,1,1675,Ameerpet
Unfurnished,"18,000",3,2,1600,Gandhi
Unfurnished,"23,000",3,2,1550,KPHB
Semi-Furnished,"42,000",3,1,1834,Narsingi
Furnished,"24,000",3,3,2000,"Pocharam,"
Unfurnished,"14,000",3,2,1800,Boduppal
Unfurnished,"16,000",3,2,1600,Chandanagar
Semi-Furnished,"25,000",3,2,1400,"Colony,"
Semi-Furnished,"21,500",3,2,1400,Puppalaguda
Furnished,"40,000",3,2,1600,Narsingi
Furnished,"30,000",2,2,1162,Ali
Unfurnished,"23,000",2,3,1461,Miyapur
Semi-Furnished,"35,000",3,3,2358,Ring
Semi-Furnished,"12,000",2,2,1100,rd
Unfurnished,"15,000",2,1,1150,Ring
Furnished,"50,000",3,2,2260,Gachibowli
Semi-Furnished,"22,000",2,2,1205,Nizampet
Unfurnished,"16,000",2,2,600,Papulguda
Semi-Furnished,"18,000",2,2,1360,Nagar
Furnished,"23,000",2,2,1200,Hyderabad
Semi-Furnished,"17,000",3,1,1200,Bowenpally
Semi-Furnished,"45,000",3,4,1961,"Punjagutta,"
Unfurnished,"25,000",3,2,1400,Manikonda
Semi-Furnished,"22,000",3,2,1300,Kavadiguda
Unfurnished,"21,000",3,2,1450,Shaikpet
Semi-Furnished,"33,000",3,1,1711,Ring
Semi-Furnished,"25,000",3,2,1600,"Nagar,"
Semi-Furnished,"45,000",3,1,2540,Narsingi
Furnished,"17,500",3,2,1400,Bandlaguda
Unfurnished,"25,000",3,2,1670,Hyderabad
Semi-Furnished,"30,000",2,2,1314,Narsingi
Unfurnished,"42,000",3,2,2150,"Somajiguda,"
Unfurnished,"35,000",3,2,1500,Rd
Furnished,"26,000",2,1,900,Hakimpet-Hyderabad
Furnished,"30,000",3,2,2200,Miyapur
Semi-Furnished,"45,000",3,2,2540,Narsingi
Unfurnished,"28,000",3,2,1715,Habsiguda
Semi-Furnished,"31,000",2,1,1314,Narsingi
Semi-Furnished,"30,000",2,1,1314,Narsingi
Unfurnished,"15,000",2,1,1350,Bandlaguda
Furnished,"35,000",4,2,2000,KPHB
Semi-Furnished,"22,000",3,2,1600,Gopanapalli
Semi-Furnished,"25,000",3,2,1530,Kukatpally
Semi-Furnished,"13,000",2,2,1300,"Ramanthapur,"
Semi-Furnished,"15,000",2,2,1300,Amberpet
Unfurnished,"14,000",2,2,1000,Attapur
Semi-Furnished,"27,000",3,3,2100,Bowenpally
Semi-Furnished,"34,000",3,2,1834,Narsingi
Semi-Furnished,"20,000",3,2,1665,Puppalaguda
Furnished,"27,000",2,3,1135,Kukatpally
Unfurnished,"11,000",2,1,1000,Gajularamara
Unfurnished,"20,000",3,1,1350,Attapur
Semi-Furnished,"25,000",3,2,1400,Ameerpet
Furnished,"38,000",3,2,1800,Nalagantla
Furnished,"28,000",2,1,850,Mehdipatnam
Furnished,"15,000",2,1,1210,Bachupally
Furnished,"25,000",2,1,1500,"Bagh,"
Semi-Furnished,"16,000",3,2,1614,Gajularamara
Unfurnished,"30,000",3,1,1650,Marredpally
Semi-Furnished,"16,000",3,2,1416,Nizampet
Unfurnished,"12,500",2,1,870,junction
Semi-Furnished,"40,000",2,1,1250,Madhapur
Unfurnished,"11,000",2,2,1100,"Pocharam,"
Semi-Furnished,"18,000",3,2,1800,Nizampet
Semi-Furnished,"24,000",3,2,1800,Narsingi
Semi-Furnished,"27,000",2,2,1150,Narsingi
Unfurnished,"9,000",2,2,1080,Gajularamara
Semi-Furnished,"21,000",4,2,2600,Trimulgherry
Semi-Furnished,"19,000",3,3,1345,Nacharam
Unfurnished,"24,000",2,2,1400,Hafeezpet
Furnished,"16,500",3,2,1625,Nizampet
Semi-Furnished,"7,000",2,2,1000,Badangpet
Semi-Furnished,"26,000",3,2,1500,Erragadda
Unfurnished,"16,500",3,2,1625,Banda
Furnished,"50,000",4,2,2300,"Nagar,"
Unfurnished,"42,500",3,2,1860,Gachibowli
Furnished,"50,000",3,1,1575,Shaikpet
Furnished,"35,000",3,2,1600,Banjara Hills
Unfurnished,"20,000",3,3,1435,Nagar
Unfurnished,"20,000",3,3,1275,Boiguda
Semi-Furnished,"40,000",3,2,2090,Gachibowli
Semi-Furnished,"45,000",3,1,2425,Hafeezpet
Furnished,"22,000",2,2,1000,Hitech City
Semi-Furnished,"25,000",2,1,1200,Madhapur
Furnished,"28,000",3,3,1550,Amberpet
Semi-Furnished,"35,000",3,2,1900,Hafeezpet
Semi-Furnished,"10,000",2,1,850,Attapur
Unfurnished,"14,000",3,2,1400,Attapur
Unfurnished,"12,000",2,1,990,Nizampet
Semi-Furnished,"16,000",2,1,1100,Chandanagar
Semi-Furnished,"16,000",2,2,975,Serilingampally
Semi-Furnished,"38,000",3,3,1900,Kukatpally
Furnished,"45,000",3,2,1500,Tank
Unfurnished,"15,000",2,1,1100,Hafeezpet
Semi-Furnished,"23,000",3,2,1750,Ameerpet
Semi-Furnished,"25,000",3,3,1600,Himayatnagar
Semi-Furnished,"20,000",3,3,2000,Bandlaguda
Semi-Furnished,"21,000",3,3,1715,Mehdipatnam
Semi-Furnished,"38,000",3,2,1834,Narsingi
Semi-Furnished,"16,000",2,1,1350,Manikonda
Semi-Furnished,"25,000",3,1,1560,Mallepally
Semi-Furnished,"18,000",2,2,1100,"Nagar,"
Semi-Furnished,"36,000",3,2,1600,Gachibowli
Unfurnished,"15,400",2,2,1025,Begumpet
Unfurnished,"19,000",3,2,1800,Colony
Semi-Furnished,"22,000",3,3,1800,Attapur
Semi-Furnished,"40,000",3,2,2600,Banjara Hills
Semi-Furnished,"12,000",3,2,1200,Neredmet
Furnished,"40,000",3,1,1198,Gachibowli
Semi-Furnished,"30,000",3,3,1602,Madhapur
Unfurnished,"11,000",2,1,1125,Secunderabad
Semi-Furnished,"25,000",3,2,2000,Kachiguda
Semi-Furnished,"48,000",3,2,2500,Gachibowli
Semi-Furnished,"15,000",2,1,1000,Gachibowli
Unfurnished,"30,000",3,2,1685,Miyapur
Semi-Furnished,"28,000",3,2,1550,"Guda,"
Semi-Furnished,"30,000",3,2,2100,Nagar
Unfurnished,"12,000",3,2,1100,"Malakpet,"
Semi-Furnished,"35,000",3,1,1850,"Nagar,"
Semi-Furnished,"17,500",2,1,1100,Kondapur
Semi-Furnished,"47,000",3,2,2500,Banjara Hills
Semi-Furnished,"9,500",2,2,1040, 
Semi-Furnished,"28,000",2,2,1364,Gachibowli
Furnished,"17,000",2,2,1050,Manikonda
Furnished,"18,000",3,2,1750,Manikonda
Semi-Furnished,"20,000",2,2,1050,Kukatpally
Unfurnished,"15,000",2,2,1100,Chikkadpally
Semi-Furnished,"18,000",2,2,1100,"Khairatabad,"
Semi-Furnished,"12,000",2,2,1300,Amberpet
Unfurnished,"12,000",2,1,1300,Alwal
Semi-Furnished,"11,500",2,1,1200,Chandanagar
Unfurnished,"15,600",2,2,1200,Kukatpally
Unfurnished,"18,000",3,1,1400,Colony
Unfurnished,"7,000",2,1,1060,Nagar
Semi-Furnished,"6,500",2,2,1100,Boduppal
Unfurnished,"18,500",2,1,1175,Manikonda
Unfurnished,"11,000",2,1,1800,LB Nagar
Furnished,"18,000",2,2,1100,Kukatpally
Unfurnished,"13,000",2,1,1200,Suchitra
Semi-Furnished,"15,000",2,2,1200,Jubilee Hills
Unfurnished,"5,500",2,2,600,Nagole
Semi-Furnished,"22,000",3,1,1200,#
Unfurnished,"13,000",3,2,1200,Bachupally
Semi-Furnished,"25,000",3,2,1525,Miyapur
Unfurnished,"15,000",2,3,950,Attapur
Furnished,"35,000",3,2,1665,Kondapur
Unfurnished,"20,000",3,2,1575,Kompally
Semi-Furnished,"17,000",2,1,1300,Gachibowli
Unfurnished,"17,000",2,2,1300,Gachibowli
Unfurnished,"7,000",2,2,1200,Sangareddy
Semi-Furnished,"15,000",2,1,1050,Tank
Unfurnished,"28,000",2,2,975,Abids
Semi-Furnished,"18,000",3,2,1521,Miyapur
Furnished,"25,000",2,1,1470,Attapur
Semi-Furnished,"30,000",3,1,1650,Hafeezpet
Semi-Furnished,"35,000",2,2,1360,Kukatpally
Semi-Furnished,"20,000",2,1,1138,"Nagar,"
Semi-Furnished,"16,000",2,2,1050,"Komapally,"
Furnished,"15,000",3,2,1500,Medchal
Unfurnished,"7,500",2,1,1000,Meerpet
Furnished,"25,000",2,1,1470,Attapur
Semi-Furnished,"27,000",2,2,1220,Tank
Semi-Furnished,"16,000",2,2,950,Nizampet
Furnished,"33,000",2,2,1150,Colony
Semi-Furnished,"50,000",3,2,2100,Gachibowli
Semi-Furnished,"20,000",2,2,1000,Adibatla
Semi-Furnished,"35,000",3,1,1230,Gachibowli
Unfurnished,"37,000",3,2,1500,madhapur
Unfurnished,"20,500",2,2,910,Nallakunta
Semi-Furnished,"10,000",2,2,1300,Bandlaguda
Unfurnished,"7,500",2,1,700,Narapally
Unfurnished,"6,000",2,2,950,Boduppal
Semi-Furnished,"7,000",2,2,800,Balapur
Unfurnished,"18,000",2,1,950,road
Semi-Furnished,"15,000",2,2,1800,Colony
Semi-Furnished,"18,000",3,1,1200,Hyderabad
Semi-Furnished,"21,000",2,1,1000,Begumpet
Furnished,"25,000",2,2,1519,Suchitra
Furnished,"22,000",3,2,1700,Dilsukh Nagar
Semi-Furnished,"24,000",3,2,1570,moosapet
Semi-Furnished,"20,000",2,1,1350,Boiguda
Semi-Furnished,"6,000",2,2,1250,Karimnagar
Semi-Furnished,"20,000",3,2,1600,Hyderabad
Semi-Furnished,"35,000",3,2,1500,Chandanagar
Semi-Furnished,"22,000",3,2,1440,Mettuguda
Semi-Furnished,"27,000",3,3,1750,Borabanda
Semi-Furnished,"15,000",2,2,1000,Chowki
Unfurnished,"9,000",2,1,1700,Hyderabad
Unfurnished,"15,200",3,2,1040,Chowki
Unfurnished,"12,000",3,2,1385,Nagole
Unfurnished,"9,000",2,2,900,Bandlaguda
Unfurnished,"10,000",2,1,950,Sainikpuri
Semi-Furnished,"18,000",3,1,2100,Chevella
Semi-Furnished,"16,000",3,1,1350,Adikmet
Semi-Furnished,"34,000",2,2,1314,Narsingi
Unfurnished,"30,000",3,2,1600,Ring
Furnished,"18,500",3,2,2000,Bowenpally
Semi-Furnished,"20,000",2,2,1200,SD
Furnished,"15,000",3,2,1740,Dullapally
Semi-Furnished,"25,000",3,2,1800,Kukatpally
Unfurnished,"11,000",2,2,900,Nagar
Semi-Furnished,"8,000",2,2,130,Aminpur
Semi-Furnished,"25,000",2,2,1182,Chikkadpally
Unfurnished,"9,500",2,2,875,Meerpet
Unfurnished,"10,000",2,2,1300,Attapur
Semi-Furnished,"13,000",3,1,1400,Ring
Unfurnished,"27,000",2,2,1250,Gachibowli
Semi-Furnished,"15,000",3,2,1500,"Vanasthalipuram,"
Semi-Furnished,"10,000",2,2,750,Bandlaguda
Semi-Furnished,"10,000",2,1,750,Chevella
Semi-Furnished,"38,000",3,2,1685,Gachibowli
Furnished,"20,500",2,1,1000,Gandhi
Unfurnished,"14,000",2,2,1200,Chandanagar
Furnished,"22,000",2,1,100,"Lakdikapul,"
Semi-Furnished,"16,000",3,2,1500,Nizampet
Semi-Furnished,"38,000",3,2,1740,Guda
Semi-Furnished,"20,000",3,2,1500,Chowki
Semi-Furnished,"30,000",2,2,1275,"Colony,"
Furnished,"23,000",2,2,950,"Nagar,"
Semi-Furnished,"13,000",2,2,1150,Nizampet
Semi-Furnished,"25,000",2,2,1200,Kondapur
Furnished,"15,000",2,1,1000,Nallakunta
Semi-Furnished,"20,000",3,2,1200,Chowki
Unfurnished,"14,000",2,2,1200,Nallakunta
Semi-Furnished,"26,000",3,2,1600,"Nagar,"
Semi-Furnished,"17,000",3,2,1600,Chowki
Semi-Furnished,"15,000",3,2,1395,Attapur
Semi-Furnished,"18,000",2,2,1258,Kukatpally
Semi-Furnished,"13,000",2,2,1000,Chowki
Semi-Furnished,"15,000",2,2,1000,Mehdipatnam
Semi-Furnished,"8,500",2,2,200,Colony
Semi-Furnished,"25,000",3,2,1500,Manikonda
Furnished,"16,500",2,2,1250,Mitapur
Semi-Furnished,"15,500",2,2,1200,Nizampet
Unfurnished,"9,000",2,3,1000,Secunderabad
Semi-Furnished,"19,500",3,1,1750,"Nagar,"
Furnished,"           	 			           	 			16,500           	 		",2,2,1050,nagar
Unfurnished,"           	 			           	 			15,000           	 		",3,2,1500,Bagh
Semi-Furnished,"           	 			           	 			27,000           	 		",3,3,1600,Kukatpally
Furnished,"           	 			           	 			44,000           	 		",3,2,1800,Himayatnagar
Semi-Furnished,"           	 			           	 			22,000           	 		",2,2,1205,Narsingi
Unfurnished,"           	 			           	 			18,000           	 		",3,2,1400,Nagar
Semi-Furnished,"           	 			           	 			30,000           	 		",2,2,1314,Narsingi
Unfurnished,"           	 			           	 			6,000           	 		",2,1,1050,Sangareddy
Unfurnished,"           	 			           	 			20,000           	 		",3,2,1350,Miyapur
Unfurnished,"           	 			           	 			15,000           	 		",3,2,1225,Colony
Semi-Furnished,"           	 			           	 			45,000           	 		",3,3,1860,Guda
Semi-Furnished,"           	 			           	 			9,000           	 		",2,2,1000,"Puram,"
Semi-Furnished,"           	 			           	 			19,500           	 		",2,3,1150,Hyderabad
Unfurnished,"           	 			           	 			9,000           	 		",2,1,1000,Bachupally
Unfurnished,"           	 			           	 			25,000           	 		",3,2,1520,Hafeezpet
Unfurnished,"           	 			           	 			10,000           	 		",10,2,900,Kothapet
Unfurnished,"           	 			           	 			10,000           	 		",2,1,820,Phase
Furnished,"           	 			           	 			25,000           	 		",3,2,1500,Attapur
Unfurnished,"           	 			           	 			13,000           	 		",3,1,1550,Sainikpuri
Semi-Furnished,"           	 			           	 			37,500           	 		",3,1,1685,Gachibowli
Semi-Furnished,"           	 			           	 			20,000           	 		",2,2,800,Banjara Hills
Semi-Furnished,"           	 			           	 			20,000           	 		",2,2,1200,Sahibabad
Semi-Furnished,"           	 			           	 			18,000           	 		",3,1,1700,Falaknuma
Furnished,"           	 			           	 			29,000           	 		",2,1,1314,Gachibowli
Unfurnished,"           	 			           	 			20,000           	 		",3,2,1800,Chowki
Semi-Furnished,"           	 			           	 			16,000           	 		",2,2,950,Nagar
Unfurnished,"           	 			           	 			13,500           	 		",2,2,1200,Nagar
Unfurnished,"           	 			           	 			11,000           	 		",2,2,1000,Ali
Unfurnished,"12,000",2,2,1000,Ring
Furnished,"17,500",3,2,1400,Bandlaguda
Semi-Furnished,"13,000",2,2,1080,Banda
Semi-Furnished,"10,000",2,2,1800,"Puram,"
Unfurnished,"30,000",2,2,1312,Narsingi
Furnished,"22,000",3,1,1620,"Nagar,"
Unfurnished,"16,000",2,1,975,Chowki
Unfurnished,"15,000",3,2,1200,Nallakunta
Semi-Furnished,"10,000",3,2,1520,Peerzadiguda
Furnished,"18,500",2,1,950,Chintal
Unfurnished,"15,000",3,2,1400,Secunderabad
Semi-Furnished,"22,000",2,3,1400,Nagar
Furnished,"15,000",2,3,870,Ali
Semi-Furnished,"17,000",3,1,1450,Colony
Semi-Furnished,"14,000",2,2,1200,Chowki
Unfurnished,"8,500",2,2,800,Meerpet
Semi-Furnished,"40,000",3,2,1870,Gachibowli
Furnished,"30,000",2,2,900,Hafeezpet
Semi-Furnished,"13,000",2,2,1145,Secunderabad
Furnished,"50,000",3,3,1950,Banjara Hills
Semi-Furnished,"25,000",3,2,1200,"Khairatabad,"
Semi-Furnished,"25,000",3,2,1568,junction
Furnished,"35,000",3,2,1800,"Khairatabad,"
Unfurnished,"6,500",2,2,1000,Karimnagar
Semi-Furnished,"8,000",2,2,500,road
Semi-Furnished,"20,000",2,2,1045,Mehdipatnam
Unfurnished,"15,000",2,2,1350,Attapur
Semi-Furnished,"38,000",3,2,2560,Kompally
Unfurnished,"40,000",4,1,3000, 
Semi-Furnished,"40,000",3,2,1800,Banjara Hills
Semi-Furnished,"30,000",3,2,2200,Manikonda
Furnished,"37,000",3,2,1800,Gachibowli
Unfurnished,"15,000",2,2,1350,LB Nagar
Unfurnished,"38,000",4,2,2400,Ameerpet
Semi-Furnished,"12,000",2,1,1200,Uppal
Semi-Furnished,"23,000",2,2,1370,Ring
Semi-Furnished,"18,000",3,2,1500,Manikonda
Unfurnished,"16,000",3,2,1400,Nallakunta
Furnished,"35,000",3,2,1280,Kondapur
Unfurnished,"24,000",2,2,1200,Kondapur
Semi-Furnished,"17,000",3,1,1750,Hafeezpet
Semi-Furnished,"18,000",2,1,1000,Nagole
Unfurnished,"32,000",3,2,1980,Kondapur
Semi-Furnished,"16,500",2,3,900,Begumpet
Unfurnished,"10,000",2,2,1008,Hyderabad
Furnished,"26,000",2,1,1200,Gachibowli
Semi-Furnished,"15,000",3,1,1350,Nizampet
Semi-Furnished,"11,000",2,2,1000,Narayanguda
Furnished,"30,000",2,2,1200,Gachibowli
Semi-Furnished,"30,000",3,2,1710,Kukatpally
Unfurnished,"11,000",2,1,1000,LB Nagar
Unfurnished,"23,000",3,2,1250,Kukatpally
Semi-Furnished,"30,000",2,1,1314,Narsingi
Semi-Furnished,"15,000",2,1,1050,Tank
Semi-Furnished,"18,000",2,2,1200,Nizampet
Unfurnished,"12,000",2,1,1200,Gandhi
Semi-Furnished,"14,000",2,2,1050,Gandhi
Semi-Furnished,"21,000",3,2,1680,Narsingi
Unfurnished,"8,000",2,1,135,Hyderabad
Semi-Furnished,"15,000",2,3,2000,LB Nagar
Furnished,"25,000",3,2,1900,"Punjagutta,"
Unfurnished,"10,000",2,2,1000,Nagar
Unfurnished,"15,000",2,3,1300,Attapur
Unfurnished,"12,000",2,2,1160,Gajularamara
Semi-Furnished,"26,000",3,2,1500,Colony
Unfurnished,"7,000",2,2,1250,Neredmet
Semi-Furnished,"22,000",2,2,1250,Gachibowli
Semi-Furnished,"12,000",2,2,1160,Dilsukh Nagar
Semi-Furnished,"9,000",2,2,1100,Alwal
Semi-Furnished,"9,000",2,2,960,Secunderabad
Unfurnished,"5,000",2,1,900,Nagar
Semi-Furnished,"19,500",3,2,1650,Attapur
Semi-Furnished,"15,000",3,2,2000,ECIL
Semi-Furnished,"25,000",2,1,1400,Manikonda
Semi-Furnished,"20,000",3,2,1400,Kukatpally
Semi-Furnished,"8,500",2,1,890,Nagar
Semi-Furnished,"7,500",3,2,1525,Gajularamara
Furnished,"50,000",3,2,2894,Gachibowli
Furnished,"34,000",2,1,1314,Guda
Semi-Furnished,"23,000",2,2,1141,Kondapur
Unfurnished,"8,500",2,1,850,Falaknuma
Semi-Furnished,"12,000",2,2,1050,Colony
Semi-Furnished,"19,000",2,2,1400,Suchitra
Semi-Furnished,"15,000",2,2,1115,Hyderabad
Semi-Furnished,"27,000",3,2,1600,Serilingampally
Semi-Furnished,"38,000",3,2,2500,Hyderguda
Semi-Furnished,"35,000",3,2,1600,Hitech City
Semi-Furnished,"13,500",2,2,1150,Nagole
Unfurnished,"15,000",2,2,1120,"Moosarambagh,"
Unfurnished,"10,000",3,2,1458,Hayathnagar
Unfurnished,"15,000",2,2,1230,junction
Unfurnished,"12,000",2,2,1080,Nagar
Semi-Furnished,"49,000",3,3,3000,Banjara Hills
Semi-Furnished,"14,000",2,2,980,Amberpet
Semi-Furnished,"20,000",3,2,1350,Shaikpet
Semi-Furnished,"23,000",3,1,1436,Nallakunta
Semi-Furnished,"15,000",3,2,1510,Medchal
Semi-Furnished,"23,000",3,2,1800,"Nagar,"
Semi-Furnished,"22,000",3,2,2400,Nagar
Unfurnished,"40,000",3,3,2000,Begumpet
Semi-Furnished,"22,000",3,3,1440,"Malakpet,"
Semi-Furnished,"16,500",3,2,1340,Aminpur
Semi-Furnished,"15,000",3,2,950,Tombs
Semi-Furnished,"35,000",3,2,2600,junction
Semi-Furnished,"20,000",3,1,1900,Tombs
Unfurnished,"16,000",2,2,1050,Attapur
Unfurnished,"7,500",2,2,850,Nagaram
Semi-Furnished,"48,000",3,2,2700,Manikonda
Unfurnished,"11,000",2,1,850,hydernagar
Semi-Furnished,"20,000",3,3,1900,Nizampet
Unfurnished,"15,000",3,2,1200,Nallakunta
Semi-Furnished,"14,000",3,2,1500,Alwal
Unfurnished,"12,000",2,1,750,Bachupally
Semi-Furnished,"15,000",2,2,1215,Aminpur
Unfurnished,"15,000",2,2,1245,Hafeezpet
Semi-Furnished,"45,000",4,2,2311,Gachibowli
Unfurnished,"23,000",3,1,2240,Ring
Semi-Furnished,"14,000",2,2,1350,Nizampet
Furnished,"40,000",3,2,1550,Narayanguda
Furnished,"25,000",2,2,1300,Nagar
Semi-Furnished,"36,000",3,3,2160,"Nagar,"
Unfurnished,"16,000",3,2,1630,Boduppal
Unfurnished,"12,500",2,2,780,Kothapet
Unfurnished,"10,000",2,2,1500,Nagar
Unfurnished,"15,000",3,2,1650,Miyapur
Semi-Furnished,"20,500",3,2,1625,Mallapur
Semi-Furnished,"25,000",3,2,1414,Miyapur
Semi-Furnished,"14,500",2,3,1200,Suchitra
Unfurnished,"15,000",2,1,1000,Hyderabad
Unfurnished,"32,000",3,2,1335,Hitech City
Furnished,"32,000",2,2,1200,Kondapur
Semi-Furnished,"13,000",2,2,2200,Chowki
Unfurnished,"20,000",3,1,1850,Nizampet
Semi-Furnished,"9,500",2,2,1000,Vayupuri
Semi-Furnished,"35,000",3,2,1650,"Nagar,"
Unfurnished,"9,000",2,1,1000,Secunderabad
Semi-Furnished,"16,000",3,2,1800,"Malakpet,"
Semi-Furnished,"30,000",3,2,1735,"Nagar,"
Semi-Furnished,"16,000",3,2,1500,Manikonda
Furnished,"44,000",2,1,1048,Gachibowli
Semi-Furnished,"50,000",3,2,2187,Hitech City
Semi-Furnished,"22,000",3,2,1600,Miyapur
Semi-Furnished,"14,000",2,1,1000,Attapur
Unfurnished,"15,000",2,2,100,Chowki
Semi-Furnished,"15,000",3,2,1698,Hyderabad
Semi-Furnished,"33,000",3,2,1800,Nagar
Semi-Furnished,"12,000",2,1,1250,Nizampet
Semi-Furnished,"40,000",4,3,3000,Ring
Unfurnished,"12,000",2,1,1000,Bowenpally
Unfurnished,"           	 			           	 			16,000           	 		",2,1,1000,Chikkadpally
Semi-Furnished,"           	 			           	 			18,000           	 		",2,1,1050,"Malakpet,"
Semi-Furnished,"           	 			           	 			11,000           	 		",2,1,1000,Chevella
Semi-Furnished,"           	 			           	 			12,000           	 		",2,1,1350,Bandlaguda
Unfurnished,"           	 			           	 			18,000           	 		",3,2,1450,Kukatpally
Semi-Furnished,"           	 			           	 			14,000           	 		",3,1,1100,Chowki
Semi-Furnished,"           	 			           	 			29,000           	 		",3,2,1755,Puppalaguda
Semi-Furnished,"           	 			           	 			13,000           	 		",2,2,1300,"Puram,"
Unfurnished,"           	 			           	 			22,000           	 		",3,1,1500,Nallakunta
Furnished,"           	 			           	 			45,000           	 		",3,3,2005,Whitefields
Semi-Furnished,"           	 			           	 			26,000           	 		",3,2,1800,Manikonda
Semi-Furnished,"           	 			           	 			27,000           	 		",3,4,1600,Kachiguda
Semi-Furnished,"           	 			           	 			23,000           	 		",4,1,2000,Chowki
Unfurnished,"           	 			           	 			18,500           	 		",3,2,1650,Miyapur
Unfurnished,"           	 			           	 			20,000           	 		",2,2,1000,Colony
Semi-Furnished,"           	 			           	 			17,000           	 		",3,2,1453,Ring
Unfurnished,"           	 			           	 			17,000           	 		",2,2,700,Serilingampally
Unfurnished,"           	 			           	 			18,000           	 		",2,1,1000,Mehdipatnam
Semi-Furnished,"           	 			           	 			16,000           	 		",3,1,1400,Miyapur
Semi-Furnished,"           	 			           	 			15,000           	 		",2,2,1125,Bandlaguda
Unfurnished,"           	 			           	 			10,000           	 		",2,2,950,"Malakpet,"
Unfurnished,"           	 			           	 			8,000           	 		",2,2,1100,Aminpur
Semi-Furnished,"           	 			           	 			30,000           	 		",3,1,1490,Hafeezpet
Furnished,"           	 			           	 			27,000           	 		",2,2,1200,Manikonda
Semi-Furnished,"           	 			           	 			10,000           	 		",2,2,1200,Bandlaguda
Semi-Furnished,"           	 			           	 			20,000           	 		",3,2,2060,Gachibowli
Unfurnished,"           	 			           	 			13,000           	 		",3,3,1250,Hyderabad
Unfurnished,"           	 			           	 			11,000           	 		",2,2,800,Serilingampally
Semi-Furnished,"           	 			           	 			10,000           	 		",2,2,800,"Lakdikapul,"
Unfurnished,"           	 			           	 			8,000           	 		",2,3,1000,Kothapet
Unfurnished,"           	 			           	 			10,000           	 		",2,2,900,Kukatpally
Semi-Furnished,"           	 			           	 			20,000           	 		",3,4,1600,Banjara Hills
Semi-Furnished,"           	 			           	 			21,000           	 		",3,2,1715,Mehdipatnam
Semi-Furnished,"           	 			           	 			15,000           	 		",3,2,2000,Ring
Semi-Furnished,"           	 			           	 			10,000           	 		",2,2,1000,Kukatpally
Unfurnished,"           	 			           	 			15,000           	 		",2,2,1200,Mehdipatnam
Semi-Furnished,"           	 			           	 			11,000           	 		",2,2,1000,"Malakpet,"
Unfurnished,"           	 			           	 			14,500           	 		",2,2,1100,Hafeezpet
Unfurnished,"           	 			           	 			7,500           	 		",2,2,1150,Karmanghat
Semi-Furnished,"           	 			           	 			26,000           	 		",3,2,1550,Banjara Hills
Unfurnished,"           	 			           	 			8,000           	 		",2,2,100,Manikonda
Semi-Furnished,"           	 			           	 			20,000           	 		",3,2,1375,Manikonda
Unfurnished,"           	 			           	 			12,000           	 		",2,2,1000,Nizampet
Unfurnished,"           	 			           	 			14,000           	 		",2,2,950,Nagar
Semi-Furnished,"           	 			           	 			7,500           	 		",2,1,1000,Kukatpally
Semi-Furnished,"           	 			           	 			27,000           	 		",2,2,2100,Gachibowli
Semi-Furnished,"           	 			           	 			11,000           	 		",2,2,1000,Nagar
Semi-Furnished,"           	 			           	 			18,000           	 		",2,2,1100,Puppalaguda
Semi-Furnished,"           	 			           	 			13,500           	 		",2,2,1035,Kukatpally
Semi-Furnished,"           	 			           	 			13,000           	 		",2,1,1300,Manikonda
Semi-Furnished,"           	 			           	 			40,000           	 		",3,2,2800,Banjara Hills
Semi-Furnished,"           	 			           	 			11,000           	 		",3,2,940,Utopia
Furnished,"           	 			           	 			15,000           	 		",3,2,1690,Chandanagar
Semi-Furnished,"           	 			           	 			16,000           	 		",2,1,900,Ameerpet
Semi-Furnished,"           	 			           	 			15,000           	 		",3,3,1500,Suchitra
Semi-Furnished,"           	 			           	 			16,000           	 		",2,1,1300,Banjara Hills
Furnished,"           	 			           	 			15,000           	 		",2,1,750,Tank
Furnished,"           	 			           	 			35,000           	 		",3,3,1570,Kondapur
Unfurnished,"           	 			           	 			8,500           	 		",2,1,1000,Dilsukh Nagar
Semi-Furnished,"           	 			           	 			27,000           	 		",3,2,1700,Madhapur
Unfurnished,"           	 			           	 			18,000           	 		",3,1,1400,Banjara Hills
Unfurnished,"           	 			           	 			15,000           	 		",2,2,1000,Nagar
Semi-Furnished,"           	 			           	 			20,000           	 		",3,1,1800,Chowki
Semi-Furnished,"           	 			           	 			20,000           	 		",3,1,2000,Puppalaguda
Semi-Furnished,"           	 			           	 			20,000           	 		",2,2,1100,Manikonda
Semi-Furnished,"           	 			           	 			9,250           	 		",3,1,1200,Bowenpally
Unfurnished,"           	 			           	 			14,000           	 		",2,2,1200,Kukatpally
Unfurnished,"           	 			           	 			10,000           	 		",2,1,1100,Chandanagar
Semi-Furnished,"           	 			           	 			16,000           	 		",3,3,1265,Kompally
Semi-Furnished,"           	 			           	 			12,000           	 		",2,1,1350,Bandlaguda
Semi-Furnished,"           	 			           	 			14,000           	 		",2,2,1100,Kukatpally
Semi-Furnished,"           	 			           	 			18,000           	 		",3,2,2000,Manikonda
Unfurnished,"           	 			           	 			16,000           	 		",3,1,1650,Manikonda
Semi-Furnished,"           	 			           	 			7,500           	 		",2,1,1430,Bandlaguda
Unfurnished,"           	 			           	 			13,500           	 		",2,2,1280,Banda
Furnished,"           	 			           	 			16,000           	 		",3,1,1200,Amberpet
Unfurnished,"13,000",2,1,850,Kukatpally
Semi-Furnished,"22,000",2,2,1400,Kondapur
Semi-Furnished,"14,500",2,1,1150,Nagar
Semi-Furnished,"20,000",2,1,900,Nagar
Semi-Furnished,"22,000",3,1,1400,Manikonda
Unfurnished,"15,500",2,2,980,Narayanguda
Semi-Furnished,"12,000",2,1,850,Nagar
Semi-Furnished,"9,000",2,1,915,Neredmet
Semi-Furnished,"30,000",3,2,2600,Kondapur
Unfurnished,"23,000",2,1,1200,"Nagar,"
Semi-Furnished,"8,000",2,2,1200,Bachupally
Unfurnished,"14,000",2,4,1150,Kachiguda
Unfurnished,"11,000",2,1,1000,LB Nagar
Unfurnished,"35,000",3,1,1855,Hitech City
Semi-Furnished,"12,000",2,1,91,Miyapur
Semi-Furnished,"28,000",2,2,1314,Gachibowli
Furnished,"15,000",2,2,980,Hafeezpet
Unfurnished,"20,000",3,2,1700,Shaikpet
Furnished,"18,000",2,1,1275,Kukatpally
Unfurnished,"9,000",2,2,1050,"Puram,"
Semi-Furnished,"22,000",2,4,1750,city
Unfurnished,"15,000",2,1,970,KPHB
Unfurnished,"20,000",2,2,1250,Kondapur
Semi-Furnished,"13,000",3,1,1300,Chowki
Semi-Furnished,"16,000",2,2,1260,Tarnaka
Semi-Furnished,"13,000",2,2,1080,Banda
Furnished,"15,000",2,1,1150,Attapur
Semi-Furnished,"25,000",2,2,1314,Narsingi
Unfurnished,"16,500",2,1,1000,"Somajiguda,"
Furnished,"5,000",2,2,925,Secunderabad
Semi-Furnished,"40,000",3,1,1690,Gachibowli
Semi-Furnished,"20,000",3,2,1035,"Nagar,"
Semi-Furnished,"10,000",2,2,1200,Gajularamara
Semi-Furnished,"10,000",2,2,1200,Uppal
Semi-Furnished,"30,000",2,1,1314,Gachibowli
Semi-Furnished,"35,000",3,2,1380,Gachibowli
Semi-Furnished,"21,000",2,1,1125,Kukatpally
Furnished,"45,000",3,2,1580,Whitefields
Semi-Furnished,"30,000",3,1,1580,Hitech City
Furnished,"35,000",3,2,1800,Kondapur
Semi-Furnished,"26,000",3,2,1756,Kondapur
Furnished,"11,000",2,1,1000,Nagar-Karkhana
Furnished,"20,000",3,2,1500,Tarnaka
Furnished,"15,000",2,2,1050,Kukatpally
Unfurnished,"24,000",3,2,1700,"Malakpet,"
Furnished,"15,000",2,1,880,Hyderabad
Unfurnished,"18,000",2,2,1325,Suchitra
Semi-Furnished,"25,000",3,2,2500,"Malakpet,"
Semi-Furnished,"23,000",3,2,1250,Nagar
Furnished,"32,000",3,2,1800,Gachibowli
Semi-Furnished,"14,000",2,2,1200,Attapur
Semi-Furnished,"16,000",2,2,900,Allapur
Unfurnished,"15,000",2,2,1200,"Punjagutta,"
Semi-Furnished,"26,000",2,1,850,Gachibowli
Unfurnished,"14,000",2,2,1100,Chandanagar
Furnished,"12,000",2,1,1000,Jubilee Hills
Semi-Furnished,"35,000",3,2,1450,Hitech City
Semi-Furnished,"21,000",3,2,1600,Serilingampally
Semi-Furnished,"27,000",2,1,1025,Gachibowli
Furnished,"15,000",2,1,880,Hyderabad
Semi-Furnished,"12,000",2,1,1400,Bandlaguda
Unfurnished,"10,000",2,3,1000,Dilsukh Nagar
Unfurnished,"22,000",3,1,1250,Nagar
Semi-Furnished,"30,000",3,2,1868,Hitech City
Semi-Furnished,"20,000",2,1,1200,Serilingampally
Semi-Furnished,"34,000",3,3,1480,Gachibowli
Unfurnished,"15,000",2,1,900,KPHB
Unfurnished,"14,000",3,1,1515,Kukatpally
Unfurnished,"16,000",3,2,1500,Habsiguda
Semi-Furnished,"12,000",2,2,1100,Kukatpally
